Player,hakeem olajuwon
hakeem olajuwon,1.0
chris webber,0.9978003041604732
tim duncan,0.9975804083846899
brandon clarke,0.9973536970509089
yao ming,0.9972764858627813
jason lawson,0.996972578772328
rudy gobert,0.9966532757789999
pau gasol,0.9964858577995777
shawn marion,0.9962569124502285
bam adebayo,0.9951888198671837
ron harper,0.9951601027536445
ben simmons,0.9950170951414863
scottie pippen,0.9949146797922799
vlade divac,0.9946211933632478
dan majerle,0.9945016619438944
shane battier,0.9944908918941592
anfernee hardaway,0.9942289989746879
alonzo mourning,0.9940878425378847
paul millsap,0.99374131297888
eugene omoruyi,0.9936970386313547
eric murdock,0.9933099575055326
toni kukoc,0.9927871040995173
robert horry,0.9925913699823768
nick anderson,0.9920734086303149
devontae cacok,0.9919812648559173
david west,0.99182966659746
brad miller,0.9917216563632797
ben wallace,0.9914529312818547
kevin garnett,0.9912455899588651
karl malone,0.9912253388959341
hassan whiteside,0.9907515834649728
anthony davis,0.9905927953800895
blake griffin,0.9903828951139197
marcus camby,0.990363856885002
devin robinson,0.990208687642904
kerry kittles,0.9901308317391978
montrezl harrell,0.9900787978100104
jarrett allen,0.9899181085653486
steve francis,0.9898207525727896
john konchar,0.9897296673223935
metta world peace,0.9895796946414515
andrei kirilenko,0.9894790645064002
chris boucher,0.9894695807239646
dwight howard,0.989410517863995
demarcus cousins,0.9892863231514043
josh smith,0.989204327914305
lamarcus aldridge,0.9890932276595549
sam perkins,0.9890594926468769
nate mcmillan,0.9888477221905323
joakim noah,0.9887246034125409
marc gasol,0.9887038724767364
brook lopez,0.9886682160663423
derrick coleman,0.9884214911125182
otto porter jr.,0.988318931454146
rod strickland,0.9882953612138022
andrew bynum,0.9881577331862045
robert williams,0.9881221403902145
dikembe mutombo,0.9881198575247783
danny manning,0.9881165959271141
dwight powell,0.9878940902643945
elton brand,0.9876419587200628
charles barkley,0.9875635089892966
brandan wright,0.9875553353345102
chris bosh,0.9874095092685241
mason plumlee,0.9874086496999468
rasheed wallace,0.9873659686113736
rashard lewis,0.9871665461550168
hersey hawkins,0.9871648923717016
christian laettner,0.9871475673344635
joel embiid,0.98696908864284
gerald wallace,0.9869639730910051
clint capela,0.9868504132283242
larry nance jr.,0.9868079992250668
donyell marshall,0.9867806923412861
derrick mckey,0.9867130223409905
amar'e stoudemire,0.986676391370359
nene,0.986574799369347
luol deng,0.9865555228355405
matt bonner,0.9864831109104713
lamar odom,0.9864055892531324
john collins,0.9863700686181128
andre miller,0.9863458770311022
ronnie brewer,0.9862346856471829
domantas sabonis,0.9861336575469557
danny granger,0.9860753731235631
mark jackson,0.9860617837570073
boban marjanovic,0.9859581111624507
micheal williams,0.9858064488850364
lucas nogueira,0.985798013882017
nikola vucevic,0.9857006816430773
lamelo ball,0.9856028714798701
larry johnson,0.9855295427036053
deandre ayton,0.9854238537626244
david lee,0.9852880238583536
deandre jordan,0.9852287972786231
andrew bogut,0.9851880110170739
scott burrell,0.9851665582709835
thomas bryant,0.985127362618309
pascal siakam,0.9849917527586834
kevin love,0.9846400547863942
raef lafrentz,0.9843939997767492
jrue holiday,0.9843018291028662
jason kidd,0.9841819276440366
russell westbrook,0.9840513277429344
rajon rondo,0.983742019124333
shareef abdur-rahim,0.9836533089778349
jon barry,0.9835545080269482
andre drummond,0.9835078219380108
al jefferson,0.9834478492833066
hot rod williams,0.9834008010759161
horace grant,0.9833897967447064
nikola jokic,0.9832888591920218
josh howard,0.9832748775827608
grant hill,0.9831822874966467
gary payton ii,0.9829416298246503
charles bassey,0.9827968658208929
andre iguodala,0.9827723227622098
doug christie,0.9827341912857254
derrick favors,0.9827100012372492
tom gugliotta,0.9826385586271845
kyle o'quinn,0.9825840545470241
terrence jones,0.9825335457060218
clifford robinson,0.98244312187417
kristaps porzingis,0.9824352395256795
derek anderson,0.9821771287990734
martynas andriuskevicius,0.982121407411602
eric bledsoe,0.9819855832326628
mario elie,0.9817815392161017
isaiah hartenstein,0.9817484357665712
bo outlaw,0.9811278886516548
giannis antetokounmpo,0.9810441299833391
vince carter,0.9808968149842832
george hill,0.9807652331114334
gorgui dieng,0.9806795191922826
jusuf nurkic,0.9806442343026167
thaddeus young,0.9805396578567966
kelly olynyk,0.9800540112933597
jeremy evans,0.9799915125434757
shawn kemp,0.9799131447169811
jason richardson,0.9798521290263211
marcin gortat,0.9796849743299575
daniel theis,0.9794306537237258
bob sura,0.9793138734010522
bryon russell,0.9793043667769812
jermaine o'neal,0.9790003237559144
nic claxton,0.9789428182639203
ivica zubac,0.9784875430562843
nerlens noel,0.9783455263661222
bonzi wells,0.9782527794476406
eddie jones,0.9781585460288449
michael porter jr.,0.9781247290512911
anderson varejao,0.9780370272020096
rudy gay,0.9779942402283938
oliver miller,0.9776582522088266
skylar mays,0.9775950988325725
jerome kersey,0.9772240075596562
muggsy bogues,0.9770578882567695
jared dudley,0.977017475407087
jeff withey,0.9769684281784522
jose alvarado,0.9769325772207419
evan mobley,0.9768493376826707
mike muscala,0.9768137517706421
boris diaw,0.9764760186182158
jimmy butler,0.976427127979287
dennis rodman,0.976209699320399
tacko fall,0.976102369456928
sam hauser,0.9758811972660028
nate robinson,0.975829655619348
carmelo anthony,0.9757791123424158
derek harper,0.9757621763859705
tyson chandler,0.9756978226874354
christian wood,0.9754202404279418
xavier tillman sr.,0.9753805412752965
gustavo ayon,0.9753666460914391
sean elliott,0.9752369495477782
terry cummings,0.9751633521421499
kendall gill,0.9751024345948327
ersan ilyasova,0.9749816911611456
antonio mcdyess,0.9749644221012963
zach randolph,0.9746561313389109
luke kornet,0.9745989941551796
antoine walker,0.9745933897487726
cole aldrich,0.9743953916839948
john starks,0.9743796663353977
demarre carroll,0.9743276007060798
mo bamba,0.9742463780151337
omer yurtseven,0.973845296426553
rik smits,0.9737977918761485
bobby phills,0.973774040050394
obi toppin,0.9737443799648502
willie cauley-stein,0.9737401660180313
dee brown,0.9737379288207355
keith van horn,0.9736970077062592
jeff hornacek,0.9736911501115683
rick fox,0.973537938742721
kyle lowry,0.9733947227973255
ronny turiaf,0.9733441658532802
wally szczerbiak,0.9733344718002236
draymond green,0.97329072366508
josh childress,0.9732283575686346
willy hernangomez,0.9730033606464971
clarence weatherspoon,0.9728331722734889
myles turner,0.9727663915545216
jaxson hayes,0.9725941815664454
javale mcgee,0.9725593210560687
maxi kleber,0.9725202075262662
otis thorpe,0.972519248925064
nemanja bjelica,0.9724838078960298
dell curry,0.972447103815719
salah mejri,0.9723972461708172
amir johnson,0.9723789774527126
trevor ariza,0.9720412743620125
ed davis,0.9719536888835418
gordon hayward,0.971929630739674
vernon macklin,0.9718925268562523
matt barnes,0.9717500858940575
eddie griffin,0.9715806383016227
michael smith,0.9715629282958208
jaren jackson jr.,0.9714547660021842
troy murphy,0.9714039540104376
malcolm brogdon,0.9713602100766795
brent barry,0.9713567570317606
cliff alexander,0.9713371555681105
p.j. brown,0.9711686864728031
dejounte murray,0.9711032525633091
lonzo ball,0.9710425390521331
aaron gordon,0.970982091904658
gheorghe muresan,0.970943955869947
andris biedrins,0.9709037062075077
scott brooks,0.9708342642688012
jared sullinger,0.9707480006470701
goran dragic,0.9706537747665694
chris mullin,0.9704804308440156
james johnson,0.9704739607651848
nick fazekas,0.9703031913134837
rodney rogers,0.9701356242073045
jerome williams,0.9699766629362332
charles oakley,0.9699176717658382
dorell wright,0.9698883066520043
emeka okafor,0.9698845134371232
delonte west,0.9697909100185874
vincent askew,0.9697693450063521
wendell carter jr.,0.9691760755179949
shai gilgeous-alexander,0.9690006291183288
michael cage,0.9689357487461412
scott padgett,0.968923211813256
usman garuba,0.9688653694331922
billy owens,0.9687373801710761
julius randle,0.9687052714826759
kelvin cato,0.9687009647100925
josh harrellson,0.9686522422441781
adrian griffin,0.9685940381655547
daniel gafford,0.9682687641272103
ryan anderson,0.9682646250515441
renaldo balkman,0.9682162590162707
hedo turkoglu,0.9680911964261208
john henson,0.9680713612297644
elden campbell,0.9680183665427714
vladimir radmanovic,0.9679387338958493
donovan mitchell,0.9678826491809163
nikola mirotic,0.9677750133878311
paul george,0.9676168517253281
jud buechler,0.967611758829619
shawn bradley,0.9675773156277057
dale davis,0.9675170294808124
peja stojakovic,0.9674818896098489
eric moreland,0.9674127379827198
pervis ellison,0.9673963456815322
bison dele,0.967267071159355
alan williams,0.9671915131829375
trevor booker,0.9671282920750365
luis scola,0.9669465054149916
eric piatkowski,0.966908718352995
caron butler,0.9668624295179638
steve smith,0.966780862023114
kyle anderson,0.9665112752376632
drew eubanks,0.9664977076275997
jakob poeltl,0.966400203641629
chris morris,0.9663928974892283
latrell sprewell,0.966261843101592
glenn robinson,0.966228019325691
eddie robinson,0.966191341277459
larry hughes,0.9661285235509273
tyrone corbin,0.9661148659408978
terry mills,0.9659543146913195
donte divincenzo,0.9658024198472047
theo ratliff,0.9657071237522078
paul pierce,0.965696403290947
glen rice,0.9655814189269373
tyrese haliburton,0.9654629801282736
pat connaughton,0.9654462686076427
chuck hayes,0.9653519038369432
willie reed,0.965315180614133
brian cardinal,0.9652188613163323
charlie ward,0.9651672876804837
joel bolomboy,0.9651444501604611
armen gilliam,0.9651039060748683
john salley,0.9648985711487711
brice johnson,0.9648750829945885
jonathan isaac,0.9646945498810168
derrick white,0.9645056375292308
brian grant,0.9643932706092307
keon clark,0.9643655896902746
tracy mcgrady,0.9643187621385547
jordan hamilton,0.9642348184663203
t.j. warren,0.9641712085847958
jayson tatum,0.9641281286338835
andray blatche,0.9640501709361855
richard jefferson,0.9640465351563146
jamal mashburn,0.9639577041573236
kurt thomas,0.9638732157148068
terry porter,0.9637892727748801
jalen smith,0.9637138027221598
tom chambers,0.9634806076884338
samuel dalembert,0.9633698247055398
jamaal tinsley,0.9632653325458356
julian wright,0.9630887111047363
mitchell robinson,0.962869488726081
dewayne dedmon,0.9628031210607418
walter herrmann,0.9626563918449593
cedric ceballos,0.9626235943754511
grant long,0.962583281101882
marvin williams,0.9624720387172546
tony allen,0.9624663275990744
ja morant,0.9624338024420204
wesley person,0.9623746501742365
charlie villanueva,0.9621941244857638
terry rozier,0.9620211956344227
kawhi leonard,0.961972826206522
de'anthony melton,0.9619519099266348
chris gatling,0.9619456925207739
thabo sefolosha,0.9619402317490393
javonte green,0.9619165055094947
marcus thornton,0.9619014168922972
enes freedom,0.9618534102906806
tracy murray,0.9617817282078683
matt bullard,0.9617775369850842
pablo prigioni,0.9617715359793967
mitch richmond,0.9616434013548569
isaiah todd,0.9614756579692452
dario saric,0.9614176394979639
al-farouq aminu,0.9611159439834966
jonas jerebko,0.9610472696102201
pooh richardson,0.9609135267342737
sam cassell,0.9605834514589187
zydrunas ilgauskas,0.960551535046789
bradley beal,0.9604976730474601
dirk nowitzki,0.9604148183788663
greg oden,0.9603521804711942
desmond bane,0.960250481019003
greg ostertag,0.9597930870173744
terance mann,0.9595306172825917
brandon roy,0.9595290110979164
bobby simmons,0.9594720580497422
jabari parker,0.959390640018799
jamal murray,0.9593207957982984
jaylen brown,0.959313964147618
james singleton,0.9588923943454063
loy vaught,0.9586442570217949
george lynch,0.9584713962175763
justin hamilton,0.9584710891857974
david wesley,0.9583655907838975
johnathan motley,0.9582765276903854
thurl bailey,0.9582568886046867
alperen sengun,0.9581258283305576
ricky rubio,0.9580301587619383
terrell brandon,0.9578803166632085
mike dunleavy,0.9578666694468447
kelenna azubuike,0.957783867339487
spencer hawes,0.9577616447104422
kosta koufos,0.9577289826239206
danilo gallinari,0.9577181191809312
cheick diallo,0.9575861137313705
taj gibson,0.9574925827589704
carlos delfino,0.9574142637522818
demar derozan,0.9572289895265221
p.j. tucker,0.9571784719924198
darren collison,0.9571722935175443
brad lohaus,0.9571346886299273
kebu stewart,0.9569967856906741
ervin johnson,0.9569405232397598
kenny thomas,0.9568095403485773
joe johnson,0.95679070684379
jae crowder,0.956779212269402
alton lister,0.9567155973212763
dean garrett,0.9566334735227048
omer asik,0.9565196134617615
antonio davis,0.9564994326434076
clyde drexler,0.9564764184895209
francisco garcia,0.9564614500153883
channing frye,0.9564524053214829
voshon lenard,0.9564462950948639
herb williams,0.9561568558735558
damon stoudamire,0.9560839271639929
jeff foster,0.9560249029633414
morris peterson,0.9559108472047931
craig smith,0.9558545568871822
frank kaminsky,0.95583768972839
carl landry,0.9558224691744949
brian evans,0.9557479585301334
josh giddey,0.9557330386571584
john wall,0.9555014594134246
anthony gill,0.9554836928141891
mike miller,0.9553666327081975
victor oladipo,0.9553153015080953
anthony randolph,0.9550057605261121
ivan rabb,0.9549938868507887
jumaine jones,0.9547810308847561
benoit benjamin,0.9546065246523783
j.j. hickson,0.9545612710950842
jarrell brantley,0.9545544194000849
trevelin queen,0.9545136491217123
kevon looney,0.954474847068887
matt harpring,0.9544226585627423
darius miles,0.9544001593374752
lazaro borrell,0.9543077430220474
j.r. smith,0.9542427998938972
lawrence funderburke,0.9542255120431846
joel przybilla,0.9540719747262902
harvey grant,0.9539347994682372
sean may,0.9536521292324833
khris middleton,0.9536043173066738
alize johnson,0.9535265519807132
larry sanders,0.9533905932246642
rasho nesterovic,0.9533345038701985
derrick rose,0.9532845685780181
chuck person,0.9532835797481496
ricky pierce,0.95326080001248
tang hamilton,0.953130239812764
quentin grimes,0.9529993007160492
ime udoka,0.9529764731791341
dwyane wade,0.952973742067824
scot pollard,0.952836804170832
gilbert arenas,0.9527623080478985
rick mahorn,0.9526840468498019
t.j. ford,0.95268191623768
cuttino mobley,0.9526766304964801
robert covington,0.9525507713571927
alex len,0.9525205694949801
chris wilcox,0.952493868560193
luke walton,0.9524740046431922
rony seikaly,0.9524197997945409
tony farmer,0.9523100600607222
devin harris,0.9522019879806681
d.j. stephens,0.9520291591215095
dominique wilkins,0.9518959107794674
stephen jackson,0.9516558678800515
spencer dinwiddie,0.9516266054224973
andre roberson,0.9515723271880441
omri casspi,0.9514926106620544
zion williamson,0.9513425499999467
tyrus thomas,0.9512410112286072
reggie jackson,0.9512276379562021
ray allen,0.9511609855647506
arinze onuaku,0.9510860173828757
george mccloud,0.9509986238022997
jonah bolden,0.950952009529911
luka doncic,0.9509175965598959
chris kaman,0.9507585852903785
stacey augmon,0.9506383153032898
roy hibbert,0.9505760155729591
jeff teague,0.9504778397433293
onyeka okongwu,0.950420094733581
kenyon martin jr.,0.9503961681569886
dejuan blair,0.950239521122724
elfrid payton,0.9501228863031386
cj mccollum,0.9499857504103644
omari spellman,0.949737218012357
franz wagner,0.9497123373529357
lauri markkanen,0.9496741580156649
greg smith,0.9495300337118012
gabriel deck,0.9495260679650569
marcus smart,0.9494535907037132
saddiq bey,0.949450847776119
maurice harkless,0.9493555217782715
jeff adrien,0.9490478576884918
danny ferry,0.9490082545678402
maceo baston,0.9489345026256288
p.j. washington,0.9488153457397949
jim jackson,0.9487922270048792
damian jones,0.9485979362381936
lamond murray,0.9485842723334683
kedrick brown,0.9485753509821452
caris levert,0.9485430109253775
mike bibby,0.9485257821916974
bryant stith,0.9484153162166905
tony parker,0.948377645218304
monte morris,0.9483694465825927
joffrey lauvergne,0.9481802728674
t.j. mcconnell,0.948088363473182
vin baker,0.9480784676098513
jason terry,0.9480723392265017
fred hoiberg,0.9479646740421219
sam dekker,0.9478955162206871
zaza pachulia,0.9478874420495872
todd day,0.9478199696383937
chase budinger,0.9478132896873179
kenrich williams,0.9477475696682841
bruce brown,0.9477317523897338
trendon watford,0.9476240091713775
leandro barbosa,0.9475972063286423
al harrington,0.9475479174246353
richard hamilton,0.9475419097332605
wesley matthews,0.9473053331786006
juwan howard,0.9472868076888965
kevin martin,0.9472359880724637
erick dampier,0.9471318447960285
deyonta davis,0.9467390036342396
nick collison,0.9467386089428637
tony battie,0.9466916255593698
dale ellis,0.9466696099441944
jeremy lin,0.9466398425567963
marvin bagley iii,0.9466391593184139
joe smith,0.9465657542502481
carlos rogers,0.9465464999365012
markieff morris,0.9464504222292988
brian shaw,0.9461088316572688
tyler johnson,0.9460672799005694
reggie evans,0.946033639923803
derrick jones jr.,0.9460053680816375
trey murphy iii,0.9459933044114368
brian cook,0.9459102997713796
jae'sean tate,0.9457988245443344
matt geiger,0.9457542467278393
jordan hill,0.9457283269769882
tomas satoransky,0.9456852664722487
josh richardson,0.9456090780012505
ben uzoh,0.9454433547370236
stromile swift,0.9454215770784961
terence davis,0.9452657788983237
alexey shved,0.9452572729721739
alec burks,0.9452226660031653
c.j. miles,0.9451587763540915
buddy hield,0.9450957528915803
miles plumlee,0.9449697138102425
oshae brissett,0.9449241501753209
keldon johnson,0.9448359471509594
isaiah jackson,0.9447887218962042
eduardo najera,0.9447656541119469
tyus jones,0.9446518883148403
ivan johnson,0.9446270876728773
toney douglas,0.9446165691502681
harrison barnes,0.9445560782809339
mark strickland,0.944544703622703
anthony peeler,0.944505557244974
goga bitadze,0.9445006442654227
josh hart,0.9443475762493995
timofey mozgov,0.9443446570802926
jose calderon,0.9442883404544351
michael redd,0.9441860553486396
tristan thompson,0.9440122971645553
keith askins,0.9438895317145378
lucious harris,0.9436772967213898
royce o'neale,0.9436535625279588
bogdan bogdanovic,0.9436086738108169
lou williams,0.9435503698540022
marreese speights,0.9434541709129183
isaiah stewart,0.9432872728876885
jordan clarkson,0.9432625345811506
danny schayes,0.9431246387131074
jamie feick,0.9430219932553189
kirk snyder,0.9429521413083293
derek strong,0.9429037656381245
t.j. leaf,0.9428323496975031
mitch mcgary,0.9428267501859587
jahlil okafor,0.9426223241105345
michael kidd-gilchrist,0.9426185992612308
pete chilcutt,0.9426025493348854
kemba walker,0.942580514204016
kyle kuzma,0.9425003616375347
gerard king,0.9423487586298446
mark west,0.9422346325071329
moritz wagner,0.9421785113251028
monta ellis,0.9421142201861539
alvin williams,0.9419887629171688
adam keefe,0.9419090357222286
brevin knight,0.9417768082220443
aaron williams,0.941615940998589
avery johnson,0.9415497289631638
david benoit,0.9413862726877722
michael beasley,0.9413479574595855
meyers leonard,0.9411362659993027
davis bertans,0.9410143527508303
jalen rose,0.9409926039042474
luther head,0.9409917726897226
greg buckner,0.9409555494527353
brandon ingram,0.9408455057887961
shayne whittington,0.9406337063508307
mirza teletovic,0.9406282545615196
aron baynes,0.9402507556486851
kyle korver,0.9401567621043563
ante zizic,0.9400295037741832
chris wright,0.9400205770745469
josh boone,0.9399975389179687
eric mika,0.9399711369805172
richie frahm,0.9399003857334904
martell webster,0.9398840773309718
ricky davis,0.9397627768402298
wilson chandler,0.9397495236317848
hakim warrick,0.939609102028071
justin anderson,0.939599553155157
rodrigue beaubois,0.9395722037403554
rafer alston,0.9394576336615786
robert pack,0.9394542814305873
de'aaron fox,0.9394384516931151
c.j. watson,0.9394344421164171
bismack biyombo,0.9393997517213395
ryan gomes,0.93938673491501
leon smith,0.9392739270063679
jeff ayres,0.9392558318085555
robert franks,0.9391888320269564
skal labissiere,0.9391748247247328
charles jones,0.9391669793928717
joe harris,0.9391183804559724
torrey craig,0.939092752333962
speedy claxton,0.939043650884585
wang zhizhi,0.9390185210935452
harry giles,0.9390080595255812
lindsey hunter,0.9389009921431085
brent price,0.9385507565251484
travis outlaw,0.9385338377595736
jamaal magloire,0.938505083683444
adonal foyle,0.9383247498570397
jarnell stokes,0.9382532281246029
kwame brown,0.938251949132318
raymond felton,0.9382151241060468
calvin booth,0.9382097567545633
mangok mathiang,0.9380061958830173
anthony edwards,0.9378984298631536
jameel warney,0.9378692973887414
michael carter-williams,0.9378116755204351
seth curry,0.9378074419950397
james ennis iii,0.937726874008288
sean lampley,0.9374856755002106
shandon anderson,0.9374600236488303
keith closs,0.9374218558013497
devean george,0.9374187599136827
andres nocioni,0.937384592622479
marquis daniels,0.9370983534763936
khem birch,0.936985354390807
victor alexander,0.9368477092380382
samaki walker,0.9368464402563649
jason thompson,0.9368047908239973
d.j. white,0.9367538937435691
quincy acy,0.9366750017100729
marquese chriss,0.9366197920934879
moses brown,0.9365907660621164
klay thompson,0.9364926356417967
brian skinner,0.9364608456071639
olden polynice,0.9362893757449398
nikola pekovic,0.9361459060113477
dean wade,0.9360366414631299
joe dumars,0.9359887759048149
lorenzen wright,0.9359604948157366
david nwaba,0.9359181774565932
jericho sims,0.935840316353118
dylan windler,0.9358177619747142
chuma okeke,0.9356419814859829
dominic mcguire,0.9355539143649964
cameron payne,0.935417150565296
jordan farmar,0.9353907768888364
isaiah roby,0.9353338641331297
dana barros,0.9352805301764435
elliot perry,0.9352357412483875
isaac austin,0.9351637962338519
dan gadzuric,0.9351055657799434
derrick williams,0.9350763240030592
eddie johnson,0.9349524947007608
mike scott,0.9348726711792872
rodney stuckey,0.9348700788535066
dante cunningham,0.9348288113555021
nicolas brussino,0.9344806608737539
malik rose,0.934375206633161
andre ingram,0.9343639721053624
antonio daniels,0.9343320200217883
ruben patterson,0.9343251385562967
marko jaric,0.9342884785980581
charles shackleford,0.9342256253778843
mo williams,0.9341871285419402
donnell harvey,0.9340786692031698
scott williams,0.934050711881219
dionte christmas,0.9338712339868639
brendan haywood,0.9335208671734466
luc mbah a moute,0.9333920149774692
ramon sessions,0.9332160418137957
greg anderson,0.9331130569443227
fabricio oberto,0.9329475789814053
cody martin,0.932842776810943
lavoy allen,0.9327968755170992
kirk hinrich,0.9324491435246833
luke ridnour,0.9322646525745046
robert traylor,0.9322640352926964
greg minor,0.932243131763581
jahidi white,0.9320715803822999
joey dorsey,0.9320278414154213
travis best,0.9315108815051225
shelden williams,0.9314909710593078
steve novak,0.931452688772837
allan houston,0.9314420695524024
anthony morrow,0.9314263291834617
popeye jones,0.9312429651650955
malcolm hill,0.9310441789012392
tyrone nesby,0.9310252025242385
juan toscano-anderson,0.9306989508988642
gary grant,0.930618152786326
thomas robinson,0.9305087496267855
shaun livingston,0.9304008230772287
derrick brown,0.9302098420173803
sherman douglas,0.9301205974288962
ryan broekhoff,0.9300336454554972
haywoode workman,0.9299737076560437
ben gordon,0.9298329923723502
thon maker,0.9297603830426497
jeremiah robinson-earl,0.9297333791850021
jeff green,0.9297293681709822
zach lavine,0.9294867879497304
tyler cavanaugh,0.9294778468449714
lawrence roberts,0.9294672361971654
precious achiuwa,0.929459056572074
mitch creek,0.9293447868893076
eddie basden,0.929308406567992
nathan knight,0.9292783348955257
nazr mohammed,0.9290989568644706
tyrese maxey,0.9290793406869041
bernard james,0.9290591490832274
sasha vujacic,0.9290214457416273
devin booker,0.9289574099184261
jamil wilson,0.9289404555096056
desagana diop,0.9288119027182621
jerome moiso,0.9288035016124976
loren woods,0.9286414408990543
cristiano felicio,0.9284410494844625
mike sweetney,0.9283403257656615
joe stephens,0.9281010339318307
andrea bargnani,0.9279707375225485
kentavious caldwell-pope,0.9279649993318592
isaiah rider,0.9277898801716312
dedric willoughby,0.9276635843890766
henry sims,0.9275492231134101
darrell arthur,0.9273814933510723
mikki moore,0.9273142618874968
zach collins,0.9270973747276174
othyus jeffers,0.9270290113355758
leon powe,0.9269841480660985
shabazz napier,0.9269737245973118
dakari johnson,0.9267564960734966
darius songaila,0.9266412796734476
jeff nordgaard,0.926486345496605
reggie williams,0.9262137721956962
devin brown,0.9259562210776568
kevin durant,0.9256755462438144
julyan stone,0.9255490871712018
walter mccarty,0.9255181551145063
greg stiemsma,0.925405142990857
glenn robinson iii,0.9253015861459494
darko milicic,0.9252369870949405
b.j. armstrong,0.925208503690243
jordan mclaughlin,0.9251991159220662
deron williams,0.9251159774199933
max strus,0.924954274913666
troy brown jr.,0.9248988299322739
linton johnson,0.9248215873268004
kelly oubre jr.,0.924772269087619
cory jefferson,0.92459691705752
john salmons,0.9245899792974105
sandro mamukelashvili,0.9245416935432192
guerschon yabusele,0.9244104828303047
eddy curry,0.9243326996020782
david andersen,0.9240841790831394
jason williams,0.9237578311676721
yuta watanabe,0.923753370805549
jaylen nowell,0.9237001727053169
donatas motiejunas,0.9236392521681214
danuel house jr.,0.9236273520314645
jonathan kuminga,0.9234396929653391
duane causwell,0.9234027904627816
chris anstey,0.9233890108130738
derrick dial,0.9233889531381086
o.j. mayo,0.9233701069776089
jelani mccoy,0.9233007383840451
hamidou diallo,0.9232881461419289
jordan williams,0.9232747720409836
tyler hansbrough,0.9232732915581696
allen iverson,0.9229892217442469
chris whitney,0.9229442519890731
gary clark,0.9229231278115873
shawne williams,0.9226871455197925
eldridge recasner,0.9226555936708272
jock landale,0.9223435602213403
dion glover,0.9222400846500359
gerald green,0.9219735791828119
festus ezeli,0.9219061416879232
luc longley,0.9218769116882093
jevon carter,0.921803496844616
vinny del negro,0.9217358699730024
blue edwards,0.9215714713437022
austin daye,0.9214742257091049
devin vassell,0.9214367882363695
kevin edwards,0.921368132292039
olumide oyedeji,0.9210564631153999
donald royal,0.9210141865668124
evan eschmeyer,0.9210007628927045
bonzie colson,0.920806369793795
moochie norris,0.9207291560046647
vitor luiz faverani,0.9205733194834828
marshon brooks,0.9205143436590719
aaron gray,0.9201877321605081
jackie butler,0.9201540516496839
mike james,0.9200294358235657
cade cunningham,0.9200134913394328
alex caruso,0.9197085305599424
jaylen hoard,0.9193779385371939
hamed haddadi,0.9192477597714632
nicolo melli,0.9190692271434122
damon jones,0.9190183973167843
jayson williams,0.9190108634051324
dermarr johnson,0.9189151818949179
shaquille harrison,0.9189093183492696
beno udrih,0.9188830511828399
corie blount,0.9187860708160207
kyle collinsworth,0.9187438302672057
chris copeland,0.9187410624285363
j.r. reid,0.9186168755379024
carlos arroyo,0.9185886570083766
tim hardaway,0.9185501784074639
jodie meeks,0.918415981689204
khalid reeves,0.9181771552611752
bojan bogdanovic,0.9179992688454082
keita bates-diop,0.917877262652471
chris mccullough,0.9178580370590907
georges niang,0.9178541455594321
lorenzo williams,0.9178482828381619
luke kennard,0.9177798863093017
glen davis,0.9177436353148487
chris dudley,0.9176989620315655
steven hunter,0.9176759246872229
bracey wright,0.9176727196518885
andrew wiggins,0.9176152907722335
mario bennett,0.9176133116537486
stanley roberts,0.9173810691333938
pepe sanchez,0.9173295304223559
jordan loyd,0.9171496855989393
james harden,0.916748131341166
keith bogans,0.9166825860042481
josh davis,0.9163563777518705
marty conlon,0.9160627685987454
justise winslow,0.9160111162083776
earl clark,0.9159606420273733
monty williams,0.9159497646057428
charles smith,0.9159129939907806
justin williams,0.9158296234598029
devonte' graham,0.9158072599688607
erick strickland,0.9156903462386168
sean rooks,0.9155912465715955
d.j. wilson,0.9154542507512231
marc jackson,0.9153470005269494
don maclean,0.9151965072140263
eric paschall,0.9150958781340739
reggie bullock,0.914579778703405
jason smith,0.9143940474410892
malik beasley,0.91433206667706
grayson allen,0.9143266549722475
terrence ross,0.91428258996156
john crotty,0.9140984929546915
travis knight,0.9137296599394009
malik hairston,0.9137138412476873
bryant reeves,0.913682333189446
pat garrity,0.9136211660289664
terence morris,0.9132659196833834
bostjan nachbar,0.9132610027757486
trent forrest,0.9131828909560422
don reid,0.9131820200107569
gerald wilkins,0.9130923122677069
kadeem allen,0.9129622877460971
chris johnson,0.9129126969648383
solomon alabi,0.9126225969401903
sterling brown,0.9124637413350494
hasheem thabeet,0.912368583026106
saben lee,0.912340177708041
maurice evans,0.9122752657815998
carl thomas,0.9121890732341829
raja bell,0.9119382138631648
michael bradley,0.9118142463015341
marques bolden,0.9114535885061537
dontell jefferson,0.911452728790213
kyle weaver,0.9112246243691754
isaiah livers,0.9112199105936922
sam young,0.9110317334613505
ekpe udoh,0.910782509783873
larry robinson,0.9106824771565034
sarunas jasikevicius,0.9106736466615775
robert swift,0.9104408943300608
daniel gibson,0.910379703813932
mario chalmers,0.9101623160881342
evan fournier,0.9101129385970287
ben handlogten,0.9100759149941532
ike diogu,0.9099906089066059
joe kleine,0.9099273175483696
mickael gelabale,0.9098753638183918
trajan langdon,0.9096808961085626
georgios papagiannis,0.9094638421939386
sam mitchell,0.909273346134643
langston galloway,0.9091239926928812
damion lee,0.9090679299675007
anthony grundy,0.909028813769012
luke harangody,0.9088009501962333
jaren jackson,0.9086753191603588
andrew declercq,0.9083561933668121
rodney white,0.9082115626579264
john wallace,0.9079619967597945
chucky brown,0.9079512532623262
bruno fernando,0.9079460504864422
alonzo gee,0.9079202163091618
brandon rush,0.9076556692861641
paul reed,0.9075350066182397
jack cooley,0.9074687556631265
cameron mcgriff,0.9073964536605073
bones hyland,0.9073503943510232
fred jones,0.9071357132250503
louis king,0.9070330471972107
jamal crawford,0.9069480874279583
reggie miller,0.9069276474660088
terry davis,0.9069164563927409
j.j. redick,0.9068528859253392
jeryl sasser,0.906835262722262
d.j. augustin,0.906687608650269
ish smith,0.9066847343155786
rex chapman,0.9066687435075966
rj barrett,0.9065253320275575
facundo campazzo,0.9062359345684112
earl boykins,0.905981156409066
grant williams,0.9058801754769391
rasual butler,0.9057816086888385
curtis borchardt,0.9056705277511361
taurean prince,0.9056305996087284
desmond mason,0.9054362326449685
marcus fizer,0.9053472426772671
shannon brown,0.9053433452471786
othella harrington,0.9053070629590939
nick calathes,0.9050559257622032
tim hardaway jr.,0.9050324028266171
lee nailon,0.904948246093848
jordan crawford,0.9048901479892311
zendon hamilton,0.9047262063790671
corey brewer,0.9046852605208738
pero antic,0.9043862827522383
iman shumpert,0.9042712905647075
eric snow,0.904268607531353
tre jones,0.9041896793739577
stephon marbury,0.9040767567140252
nick van exel,0.9039185784565866
josh green,0.9038067762314875
rodney hood,0.9036527962125468
rodney mcgruder,0.9036341872385071
a.j. price,0.9034111270355744
clifford rozier,0.9032997281509828
jiri welsch,0.9031794998157858
damien wilkins,0.9030316162860643
quincy pondexter,0.9030242078765808
amir coffey,0.9026527618570814
andrae patterson,0.9025301120442635
vernon maxwell,0.9022231439631484
laron profit,0.9020726128843
johnathan williams,0.9019408684642221
gigi datome,0.9018090242542184
robbie hummel,0.9013466833831537
dominique jones,0.9009497107182738
predrag drobnjak,0.9009097190493377
gerald henderson,0.9008989260249506
sam mack,0.9008276391401518
cole anthony,0.9007941912226073
bruce bowen,0.9007605436498409
joe crawford,0.9007522184893104
jaron blossomgame,0.900676509834889
darius bazley,0.9003167963973568
mark bryant,0.8997881691080635
tremaine fowlkes,0.8995067357755792
jan vesely,0.8993976427022711
michael stewart,0.8993671387665475
gary trent jr.,0.8993276744620069
chris mihm,0.8993219908411464
justin holiday,0.8991516238005872
evan turner,0.898648902715413
furkan aldemir,0.8986162591164067
kent bazemore,0.8986162550721493
ira bowman,0.8986015046642696
lester hudson,0.8981513977847919
byron mullens,0.8980420151752829
james michael mcadoo,0.8978452864776922
hubert davis,0.8978074682454354
chris duarte,0.8977902502953142
demetrius jackson,0.8977734094175087
cal bowdler,0.8974423388252027
rui hachimura,0.8974371160928302
duncan robinson,0.8974217911628436
guy rucker,0.8973927594602491
rashad mccants,0.8971727763270045
henry walker,0.8969490939129584
mike batiste,0.8962670967641747
justin patton,0.896212560311098
randy foye,0.8961469904622671
greivis vasquez,0.8961018970500552
braxton key,0.8960397573771787
chris childs,0.8958897260908556
eric riley,0.895888827810038
chris clemons,0.8957636623945376
orlando johnson,0.8957048523068929
arron afflalo,0.8956740207363186
shabazz muhammad,0.8953712116195881
jonathan bender,0.8951580000199281
andrew nicholson,0.8951110768849881
felton spencer,0.8949431585850631
terry taylor,0.894867435561169
bryce dejean-jones,0.8947113824046102
daniel hamilton,0.8946478021571603
shawnelle scott,0.8945614812317145
mark davis,0.8943508953730644
ryan bowen,0.8942876351826679
jake voskuhl,0.8942410922003377
deni avdija,0.8940797651152131
marcus williams,0.8939802008024347
mfiondu kabengele,0.8938812378063152
pj dozier,0.89385500345908
yogi ferrell,0.8938418807146769
desmond penigar,0.8932603015548649
derek fisher,0.8932355322017003
felipe lopez,0.8931394480350793
steve blake,0.8931173183822507
michael olowokandi,0.893027742830406
isaiah thomas,0.8929527884098231
troy williams,0.892950331922162
bill wennington,0.892810212464566
sam merrill,0.8927423181178465
eric montross,0.8926906841585337
rodions kurucs,0.8926237332062272
lou amundson,0.8924980081239444
thomas welsh,0.892252198033809
lloyd daniels,0.8922417110922876
stojko vrankovic,0.8921638713222474
jarrod uthoff,0.892092571281052
furkan korkmaz,0.8920058169688654
gary harris,0.8918544123266396
eric williams,0.8918334176626331
dan dickau,0.8916899449583819
jamie watson,0.8915291498823681
ike anigbogu,0.8914448929584846
michael ruffin,0.89136115834165
patrick williams,0.8909728312965282
brooks thompson,0.8908790141382448
solomon hill,0.8907267015472672
tom hammonds,0.8907035744352165
deandre' bembry,0.8906736947961906
jt thor,0.8903079100240908
freddie gillespie,0.8902178969274654
yi jianlian,0.890131790178079
michael dickerson,0.8899797938329053
wayne ellington,0.8899647404580954
jerald honeycutt,0.8897928519983413
mark hendrickson,0.8896737028612492
shake milton,0.8895367559714538
nick richards,0.8895200528958437
jalen mcdaniels,0.8893360966658872
larry owens,0.889028283868056
chris duhon,0.8890230808121369
vitaly potapenko,0.8888556189075743
davon reed,0.888748470403318
brandon knight,0.8887032379209483
oleksiy pecherov,0.888593513980906
markelle fultz,0.8881992444418205
soumaila samake,0.8881726735977334
marshall plumlee,0.8880439802744116
jake layman,0.8878282658319778
terrence williams,0.8876431227554705
willie burton,0.8870138930498791
charlie bell,0.8868072305383916
bimbo coles,0.8866083641731978
jason hart,0.8866010800209306
daniel orton,0.8864727466030803
bol bol,0.8864589050984472
brian scalabrine,0.8862741926159379
anthony bennett,0.8859586823168918
chris taft,0.8856755061034705
mouhamed sene,0.8856639669161541
okaro white,0.8854911404885321
jordan mickey,0.8853328391567731
maurice taylor,0.8853091665209978
matt thomas,0.8852898554477941
jerryd bayless,0.8851610492794818
juwan morgan,0.8846472355670518
jerian grant,0.8845520141460456
tim kempton,0.8843538313758073
tito maddox,0.8842147478172125
jarvis hayes,0.8839705358712251
trey burke,0.8838885030106042
carl herrera,0.8838683550476075
cory alexander,0.8838313428820109
ryan kelly,0.8837974044667447
jarell martin,0.8835172107527556
tony massenburg,0.883475974705647
sergio rodriguez,0.8834528544258949
mark price,0.8833804628316912
alec peters,0.8833686056301432
kendrick nunn,0.8831854275776302
joey graham,0.8827388505159748
mindaugas kuzminskas,0.8825422292816271
zarko cabarkapa,0.8823921792365117
chris king,0.8822887091382574
chris carr,0.8821826685697558
malcolm miller,0.8821783226140038
donte greene,0.8821545465888077
matt carroll,0.8821208059083496
jarron collins,0.8820623615046295
semih erden,0.881992742421675
allen crabbe,0.8817623847215216
john jenkins,0.8817043388373903
jarell eddie,0.8816825751474159
james thomas,0.8816306800102107
ira newble,0.8815000007135516
alex poythress,0.8814826898246728
jared butler,0.881372111518622
james wiseman,0.8811099343069659
kyle singler,0.8809730927748276
dennis smith jr.,0.8803725154166253
anthony johnson,0.8801691327528243
marco belinelli,0.8799940902098075
sasha kaun,0.8799573438474072
alen smailagic,0.8799479295916385
austin reaves,0.8798655513843039
jordan nwora,0.879743296182112
j.r. bremer,0.8795757870588746
trae young,0.8795667498338265
adrian caldwell,0.8793291262446286
paul watson,0.8792567935696661
miye oni,0.8790327777826525
jared jeffries,0.8790155462108066
chris hunter,0.8788684620489602
dwayne schintzius,0.8786913726041116
doug mcdermott,0.878620053316243
arnett moultrie,0.8784913114997794
damian lillard,0.8783518363143701
jason caffey,0.8782393153968651
hassan adams,0.8781791317117532
othello hunter,0.8779529544365382
norvel pelle,0.8776240076011889
mahmoud abdul-rauf,0.8772242819943074
dickey simpkins,0.8772034208016909
manny harris,0.8770891789683208
ronald dupree,0.8769841579819105
lonny baxter,0.8768838222971964
ty jerome,0.8764331604061883
dwayne jones,0.8763079226781565
malcolm thomas,0.8758762455949338
edwin ubiles,0.8757516138856297
johnny newman,0.8756183312906833
kevin seraphin,0.8755400743061008
javin delaurier,0.8751624118068732
j.r. giddens,0.8751352258272874
jabari bird,0.8750420783187858
lamar stevens,0.874681687192859
cedi osman,0.87458789325307
smush parker,0.8742775181871836
kostas papanikolaou,0.8739838720171029
melvin ely,0.873969241498643
robert sacre,0.8736216326533525
kelan martin,0.8734979809243328
donald sloan,0.8734760929071593
tim young,0.8732937953659342
charles o'bannon,0.8732175006501737
frank mason iii,0.8731531009635897
korleone young,0.8729657579114088
ray spalding,0.8729639982558167
james robinson,0.8728835222160014
amida brimah,0.8727017081048598
chucky atkins,0.872516306402203
mason jones,0.872457941379384
calbert cheaney,0.8724285851764965
alexander johnson,0.8724129819574218
antonis fotsis,0.8723755269633624
tim quarterman,0.8723116068228826
shelvin mack,0.8721686190238884
mickell gladness,0.871927152596846
brandon goodwin,0.8717927782333337
caleb swanigan,0.8714369928639709
gary neal,0.871288895089266
alfonzo mckinnie,0.8709758512910227
hilton armstrong,0.8709316251954228
tarence kinsey,0.8707916465750162
justin champagnie,0.8707564161891448
chris crawford,0.8706289216364594
malik monk,0.870487262838805
thomas hamilton,0.8703923054859941
d.j. mbenga,0.8703170649977718
nate wolters,0.8700198870563057
chris quinn,0.86990310646432
zan tabak,0.8698588784244784
tariq abdul-wahad,0.8697419943622408
bubba wells,0.8696529338645668
jeff grayer,0.8696413522035086
jaden mcdaniels,0.8695308800590034
malik allen,0.869476515141682
jordan poole,0.8694553716334685
jajuan johnson,0.8690260772946861
tony mitchell,0.8687215135717217
chandler hutchison,0.8684683939046529
james southerland,0.8683699033025568
raul neto,0.8682584854392686
day'ron sharpe,0.8680417184505913
jeff trepagnier,0.8680299966104708
chris douglas-roberts,0.8674345911078776
james anderson,0.8672186271837093
myke henry,0.8669117993456715
matisse thybulle,0.8668371014584926
malachi flynn,0.8667793955594093
jarvis varnado,0.8664178480956256
vincent poirier,0.8663634388372762
josh huestis,0.8661986276753753
desmond ferguson,0.8659730666720875
aleksej pokusevski,0.8656549269968029
brian roberts,0.8653834615964956
e'twaun moore,0.8650141223074499
quinn cook,0.8649996290920449
efthimios rentzias,0.8649832379070213
abdel nader,0.8648300115806843
obinna ekezie,0.8646092287386391
corey kispert,0.8645151639759563
hollis thompson,0.8644349987975749
nigel hayes,0.8641847557681879
todd fuller,0.8637948240438874
donell taylor,0.8636981457381033
ivano newbill,0.863480042752169
kris dunn,0.8634624672586396
dewan hernandez,0.8632966951228663
sean kilpatrick,0.8631761991196177
oscar torres,0.8627607471908854
james collins,0.8626199718659846
anthony carter,0.8624104145191425
david vaughn,0.8623404919035927
josh jackson,0.8619733352137353
victor claver,0.8615349983763848
greg brown iii,0.8612739400282643
carrick felix,0.8612618273963936
emanual davis,0.8612388258714626
casey jacobsen,0.8606176843913539
toby bailey,0.8604198251270961
matt maloney,0.8602829335990316
ayo dosunmu,0.8602191209201189
tim frazier,0.8601872622395617
garrison mathews,0.8601777691007619
nate huffman,0.8600212732840931
dragan bender,0.8600166678170522
justin jackson,0.8598191839911987
joe crispin,0.8596479039177752
quincy miller,0.8595291642405972
reggie slater,0.859497158797616
tony snell,0.8594370294876184
solomon jones,0.8594271512472629
allonzo trier,0.8592306586841643
nickeil alexander-walker,0.8591520091822643
gordan giricek,0.8590838479018813
sean marks,0.8588725849403397
sheldon mac,0.8587619247180434
luka samanic,0.8582081097892317
mike wilks,0.8581523197976342
jay williams,0.8578717717711696
garrett temple,0.8578158926817924
aaron nesmith,0.8576417937641225
jalen johnson,0.8575446144474006
alan anderson,0.8573437916831825
vincent yarbrough,0.8572686429178232
milos teodosic,0.8571814291022264
kevinn pinkney,0.857074551023836
moses moody,0.8570368662113296
jakarr sampson,0.8570298242977623
ledell eackles,0.8566129730705179
jason collins,0.85657058801726
ndudi ebi,0.8561013167560964
pape sow,0.8558283721155541
ray mccallum,0.8553871233931106
marko milic,0.855054728233451
isaac bonga,0.855005679393474
markel brown,0.854979316494079
jackson vroman,0.8547527950714723
cedric henderson,0.8543885406745049
duane ferrell,0.8541397257324755
sharone wright,0.8538703034161498
pops mensah-bonsu,0.8538581033287574
marcus banks,0.8537707554007666
kessler edwards,0.8534074536422732
rex walters,0.8530444184461314
wenyen gabriel,0.8529780449467416
mitchell butler,0.8525647883233147
dion waiters,0.8523940764236347
jerome james,0.8522159700003162
art long,0.8521246704920509
kosta perovic,0.8519381040606652
antonio harvey,0.8518993109404532
steve henson,0.8517948268733653
jermareo davidson,0.8517338854164023
darius garland,0.8509888235356837
joe alexander,0.8506412249959304
devon dotson,0.850551661988403
semi ojeleye,0.8504090440073543
kaniel dickens,0.8503970456036632
shawn respert,0.8501398298656793
josh christopher,0.8497370237309355
avery bradley,0.8495080440494756
luke schenscher,0.849463319637162
anthony roberson,0.848917022286342
esteban batista,0.848861735985292
perry jones,0.8486555124459403
raul lopez,0.8486485471178457
paul mcpherson,0.8484943011213409
daequan cook,0.8483422016307444
ryan arcidiacono,0.848009699363677
tyler honeycutt,0.8479721324250208
marko guduric,0.8475142904024757
gian clavell,0.8474873204393549
chris richard,0.8468537419749901
kevin jones,0.8467596012215479
malcolm lee,0.8466354925550071
dejuan wheat,0.8461253935667105
jannero pargo,0.845997149008485
thanasis antetokounmpo,0.8457991502195731
anthony goldwire,0.8455765551307471
alex abrines,0.8455388683683048
deandre liggins,0.8455325834658037
kasib powell,0.845456979458962
reggie perry,0.8453314832240404
kevin porter jr.,0.8449900187425381
mario kasun,0.8449516540021862
kyrylo fesenko,0.844700881977374
boniface n'dong,0.8445743310660682
juan carlos navarro,0.8445364397374907
tony bobbitt,0.8441410716783979
joe wolf,0.8438786825491654
greg foster,0.8438134073223236
bobby jones,0.8435375682026572
anfernee simons,0.8434888936122062
walt lemon jr.,0.8432363847825016
allan ray,0.8430939866937136
deshawn stevenson,0.8425270316867451
cam reddish,0.8424242521070817
vonteego cummings,0.8414109972149324
ansu sesay,0.8413287931295755
damyean dotson,0.8413212813573747
robert woodard ii,0.8407960394197572
lawrence moten,0.8405902602160201
david wingate,0.8405041768953017
elijah millsap,0.8402259832935457
emanuel terry,0.8401964533743318
rodney buford,0.839185824271154
nathan jawai,0.8389227364873261
david harrison,0.8386235335379978
aaron holiday,0.8385742861884065
jack haley,0.8382922117366522
pete myers,0.8382552555225645
ron mercer,0.8380064439964235
jaden springer,0.838000952779914
tyronn lue,0.8379995857519086
ryan hollins,0.8372525490446255
kevin hervey,0.8371235011041137
shane larkin,0.8368530430322142
paul davis,0.8367829908440576
tyler lydon,0.8367026807197194
de'andre hunter,0.8365929591294415
trey thompkins,0.8363094573683052
justin james,0.8351047348583445
svi mykhailiuk,0.8348996478393531
stephen zimmerman,0.8346897941501782
r.j. hunter,0.8345598671295323
cam thomas,0.8343731079735406
trenton hassell,0.8343186504193513
nick young,0.8342939497915866
corey beck,0.8342152009914727
cj elleby,0.834074251190561
vernon carey jr.,0.8338922836446923
jamison brewer,0.8332335489722777
emmanuel mudiay,0.8332284931523483
miroslav raduljica,0.8328167856880895
juaquin hawkins,0.8324032930823133
jabari smith,0.8320605386361436
eddie gill,0.8313486700356242
jason kapono,0.8308073608161946
javaris crittenton,0.8308059517294828
marcus williams,0.8307722912571309
jarron cumberland,0.8307229693145003
luguentz dort,0.8304467003739059
daishen nix,0.8298768809605607
harold ellis,0.829833743157712
lazar hayward,0.8298311573704464
marcus vinicius,0.829201703494256
alton ford,0.8291182626355785
jeremiah martin,0.8286688566539989
romeo langford,0.8286425094473944
brad wanamaker,0.828563368585408
sergey karasev,0.8282265128333035
isaiah canaan,0.8280792305090983
robert whaley,0.8278501960772685
donta smith,0.8276625615581756
landry shamet,0.8270560659642423
lindy waters iii,0.8266863797977735
jalen jones,0.8266263180756777
viacheslav kravtsov,0.8255938227721585
haywood highsmith,0.8255877347676173
randy brown,0.8252196005853194
dwight buycks,0.8251756688405628
jonathon simmons,0.8248757157692738
cedric simmons,0.8245537651181608
lynn greer,0.8245378052217285
priest lauderdale,0.8244138563090482
jeremy tyler,0.8240511511050728
johnny taylor,0.8238639138132944
luka garza,0.8234492019216163
james augustine,0.8233381401662137
jason collier,0.8232104265563963
troy daniels,0.8231115389253026
dan langhi,0.8230344494268538
ruben garces,0.8230129456638624
luke jackson,0.8229384088988944
jontay porter,0.822406101603979
jeff mcinnis,0.8224031854087187
kyle wiltjer,0.8217574856623606
quinton ross,0.8217017343575641
james white,0.8215375301847526
travis williams,0.8214351541475918
jared reiner,0.8213827083696995
anzejs pasecniks,0.82126886438084
samardo samuels,0.8212397333051519
xavier munford,0.8195603326396415
antonio lang,0.819559968037352
armoni brooks,0.8192315733320308
phil pressey,0.8183469652209597
zoran planinic,0.81816352644487
john coker,0.8174183422594496
dzanan musa,0.817364643491954
torraye braggs,0.8170326734204253
collin sexton,0.8168823930127954
willie green,0.8167439524423208
wayne simien,0.8167422619834627
killian tillie,0.816502817109875
wes iwundu,0.8160504006032933
courtney fortson,0.8158874991971399
lindell wigginton,0.8156536593863858
vit krejci,0.8153786624700771
a.j. hammons,0.8152177637754385
mark madsen,0.8149074971290187
gabe pruitt,0.8144056633148844
mark pope,0.8118672079168818
john thomas,0.8116891660956898
andrew harrison,0.8116602404359589
micah potter,0.8114359779729666
darvin ham,0.81142540093205
armon johnson,0.8112426055357563
lorenzo brown,0.810896156627661
treveon graham,0.8105866295310525
bryn forbes,0.8095538491152646
keyon dooling,0.809508618648026
p.j. hairston,0.8091863663906997
ty-shon alexander,0.8091703911357062
jarrett culver,0.8091236864403865
ben mclemore,0.8090171434237151
roshown mcleod,0.8084236692601393
jerry smith,0.8084012495593998
terry dehere,0.8082650569729505
jonathan gibson,0.8078631668750419
jerome beasley,0.8078623338837948
kalin lucas,0.8077946413828744
stephen graham,0.806734575548103
antoine wright,0.8064628729167003
lonnie walker iv,0.8062909158768844
james young,0.8062189763086114
julian washburn,0.806182436629489
lance thomas,0.8059740450226189
damien inglis,0.8059702841225042
sasha pavlovic,0.8055345448533956
andrew gaze,0.805180443270439
darius miller,0.8043418754724486
rawle marshall,0.8038257160646591
eric maynor,0.8037999405800118
aaron wiggins,0.8036690490708875
jermaine taylor,0.803581498324856
kevin knox,0.803420174018664
christian eyenga,0.8026151776837309
chinanu onuaku,0.8017903228872665
sindarius thornwell,0.8007214145162355
hanno mottola,0.8006941435124071
steven hill,0.7999259178841758
johnny o'bryant,0.7996816629401635
edmond sumner,0.7994478946133999
drew barry,0.7989979474845549
willie warren,0.798974880271742
jermaine jackson,0.7980838104846152
lari ketner,0.7979092890620663
earl barron,0.7978221916323031
darryl watkins,0.7973224305867967
sergei monia,0.7968880627451723
jalen green,0.7966390502210978
daquan jeffries,0.7962634934915415
kareem rush,0.7955954964624975
sonny weems,0.795555252474347
pat burke,0.7955112532684653
loren meyer,0.7942647921635909
dee brown,0.7941673305605518
henry james,0.7929784304568849
derek grimm,0.7927746752767639
darnell jackson,0.7926881717299084
deividas sirvydis,0.792515669788102
marcus haislip,0.7910552313844945
quincy douby,0.7908481911546515
dalibor bagaric,0.7907906103740326
billy thomas,0.7901228559605914
tyler ennis,0.7895367355322995
derrick byars,0.789282348314303
jon teske,0.7888953609603249
brandon davies,0.7877088401873086
xavier moon,0.7871995057445603
andre owens,0.7871777412629675
josh magette,0.7871630381720098
devin gray,0.7867495559726317
jimmer fredette,0.7857522311457001
rayjon tucker,0.7850950545529508
john amaechi,0.7847763301528353
b.j. johnson,0.7847226112088089
yinka dare,0.7846741693006406
nico mannion,0.7845235318982074
corsley edwards,0.784268257239793
ian clark,0.7840399127268388
andrew white,0.7837541463668097
dahntay jones,0.7833955321503937
rick hughes,0.7830582411169172
julius hodge,0.7819685921612683
eric dawson,0.7809046806767197
ken johnson,0.7808620149103467
erik daniels,0.7806626902182642
devin ebanks,0.7804490863196523
salim stoudamire,0.7804236482985881
tre scott,0.7800946475351128
horacio llamas,0.7790399919779518
darius washington,0.7780631910389241
george zidek,0.777921083127532
ognjen kuzmic,0.7773550849926062
jorge gutierrez,0.777046166208606
dante exum,0.7769258972165798
daniel ewing,0.7768486906097062
matthew dellavedova,0.7755649224563413
james cotton,0.7723178577595362
ben davis,0.772004957349022
courtney alexander,0.771962499862986
austin rivers,0.7718800537627648
stephane lasme,0.7717504456908981
dillon brooks,0.7714499065679812
admiral schofield,0.7713979982011803
xavier henry,0.7712865235056726
bill curley,0.7706165172412301
alvin jones,0.7696696177691702
andre barrett,0.7695104554161231
dexter pittman,0.7693678158464823
tremont waters,0.7686718993934915
paul zipser,0.7678709254319742
bryce cotton,0.7673444099149076
milt palacio,0.7672433715612744
elie okobo,0.7654706017384969
patrick mccaw,0.7650300167850824
cleanthony early,0.76491331020755
dakota mathias,0.7647387101689752
j.r. henderson,0.7642940926519439
mardy collins,0.7642719855923913
jaylen adams,0.7628501505811168
sim bhullar,0.7624167619053519
tre mann,0.7618445625051595
ryan reid,0.7608669647661745
ronnie price,0.7607168003168481
ed stokes,0.7605836247653137
ky bowman,0.7596180896754577
reggie hanson,0.758700099665756
dennis horner,0.7585993227174715
pierre jackson,0.7585373445157617
devyn marble,0.7571806491118678
david stockton,0.7562967178001354
brandon paul,0.7561048425829914
ignas brazdeikis,0.7560514332379862
will solomon,0.7550588538611205
malik fitts,0.7549378885106012
eric washington,0.7540513379244982
trey gilder,0.7536548734370084
uros slokar,0.753138573527202
kevin salvadori,0.7526973222617056
marcus garrett,0.7526472341465646
randolph morris,0.7520820545603871
cheikh samb,0.7520429869344935
jerome dyson,0.7518975825495222
tierre brown,0.7517574060591931
eugene jeter,0.7512295890562323
frank williams,0.7510299041182618
awvee storey,0.7497009370263724
kyle guy,0.7490497837043448
anthony brown,0.7490346315950623
dwayne bacon,0.7485533874777536
matt freije,0.7482930690471686
jason sasser,0.747444426522248
sean mcdermott,0.7470178495071639
sekou doumbouya,0.7466277278661825
garret siler,0.7463077225552952
jamel artis,0.7462021277803188
luke zeller,0.745603168360071
charles jones,0.7455169475875464
jerome robinson,0.7452914765893569
sean higgins,0.7451244524013942
isaiah hicks,0.7447822866512231
courtney sims,0.7443075771709752
rawle alkins,0.7442728913769948
gabe vincent,0.7442458780732842
corey benjamin,0.7440561655102016
john holland,0.7440124723155476
ryan humphrey,0.7425222075978843
ryan stack,0.7422779016623546
theo pinson,0.7420235472211374
junior harrington,0.741875171545608
tyrone wallace,0.7415145301408033
isaac okoro,0.7414897261538183
anthony lamb,0.7409744907963609
bryce drew,0.7408673949212902
toure' murry,0.740548782651288
carsen edwards,0.7402375791350945
marcus cousin,0.7398820157317524
nikoloz tskitishvili,0.7395843586260776
devaughn akoon-purcell,0.7393646738786118
jeff dowtin,0.7389107283900721
brandon williams,0.7381474634119682
jacque vaughn,0.7369065640859468
kostas antetokounmpo,0.7368141259176647
jaylen morris,0.7366589956122208
devin green,0.7351240823810052
jamaal franklin,0.7349375571702493
leandro bolmaro,0.7341252158650303
jawad williams,0.7333314229047936
doug overton,0.7330666049340036
jeff taylor,0.7330444531763423
theo maledon,0.732501562876118
ha seung-jin,0.7323198804576068
drew gordon,0.7316798731930336
orien greene,0.730228182538433
tyler bey,0.7298358117511657
sam jacobson,0.7295582282743579
royal ivey,0.7293732812286785
litterial green,0.7287784990017446
negele knight,0.7285396648680772
alex stepheson,0.7285083902300327
elijah hughes,0.7281173722041836
antonio blakeney,0.7270234811342293
kendall marshall,0.7266105689350123
kira lewis jr.,0.7251085681401923
isaiah briscoe,0.7249187760682776
terrel harris,0.7243821854897555
randell jackson,0.7236104375029163
mychal mulder,0.7227693701689881
yakhouba diawara,0.7226968961648349
ruben wolkowyski,0.7219654513567327
wayne selden,0.7213999498661361
chaundee brown jr.,0.7213233525641843
sebastian telfair,0.7212195875867553
killian hayes,0.7199393070037966
glen rice jr.,0.7197979430583507
ed gray,0.7196569736538075
lee mayberry,0.7192252706300336
joel ayayi,0.7181286303344486
nigel williams-goss,0.7180578733629102
ratko varda,0.71804052376839
ron baker,0.7179001376156332
jay huff,0.7173175205198368
kelly mccarty,0.7173067194851112
adam morrison,0.7170608696199943
neemias queta,0.7167678258587928
deonte burton,0.7147814280659347
elijah bryant,0.7147247077240039
gerald madkins,0.7146909229909434
david vanterpool,0.7136381916796932
hiram fuller,0.7134552706291091
miles mcbride,0.7130851704926653
isaiah joe,0.7129165627088218
joshua primo,0.7127065971972867
mike taylor,0.7124591997896563
elliot williams,0.71192970736072
norris cole,0.7118867389569116
tyler ulis,0.7113521152793434
malcolm delaney,0.7104625098598515
rusty larue,0.7104483937161338
yante maten,0.7103120125319032
jamorko pickett,0.7092015544589724
quincy lewis,0.7087170246616319
tornike shengelia,0.7081863080159496
rob edwards,0.7078542998155933
jalen suggs,0.7075491666131789
russ smith,0.7075396150746986
demarcus nelson,0.7071316972249393
michael curry,0.7060220338220242
ish wainright,0.7050081610802189
bruno sundov,0.7046303650776231
james webb iii,0.7044311608425652
reggie geary,0.7037402969216392
greg graham,0.7029920589132177
yves pons,0.7028771822539096
derrick caracter,0.7025906444282967
marcelo huertas,0.7020777542745166
aaron miles,0.7014596138469753
morris almond,0.7014032313166925
marlon garnett,0.7006352065694595
j.p. macura,0.7000063798885529
isaiah whitehead,0.699988100015015
jonny flynn,0.6998198295701495
tony dumas,0.699696022029168
kim english,0.6995198142465294
tamar slay,0.6991098399067961
wade baldwin,0.6980661611690478
naz mitrou-long,0.6977189962054634
lavor postell,0.6965084552704215
ivan mcfarlin,0.6957758085518546
damir markota,0.6956390771575944
diante garrett,0.6951511794721815
darrun hilliard,0.6931574794106972
a.j. guyton,0.6922476684583454
pavel podkolzin,0.6911152929404092
lamar patterson,0.6901154240730806
dan mcclintock,0.6887063502538798
andre emmett,0.6868846385601217
aleksandar radojevic,0.6854671216202429
harold jamison,0.6826292898247791
peter john ramos,0.680320997353096
chris babb,0.6800266792510365
hamady n'diaye,0.6765386755090231
erick green,0.675869415965915
charlie brown jr.,0.6758589656683325
marcus derrickson,0.6755560538912356
james bouknight,0.6728720823256285
justin reed,0.6725431927685027
quinndary weatherspoon,0.6723614993585565
robert hite,0.6707827624975297
nate hinton,0.6689586888825289
brian bowen,0.6681902243155158
milton doyle,0.6669544059341703
marial shayok,0.6665376376727115
marko simonovic,0.6655053615628236
jawun evans,0.6643626329381208
travis hansen,0.6621893517049999
axel toupane,0.6621517700669308
jay scrubb,0.6611315481975676
j.j. o'brien,0.6604773013154557
malachi richardson,0.6600033321426775
trey johnson,0.6599331987203857
chris jefferies,0.6588499766608078
alex garcia,0.6586366609056554
mark macon,0.6569602749003939
jordan bone,0.6553196152231064
dajuan summers,0.6526521885403669
vic law,0.6511621224929305
ben hansbrough,0.6503438247642884
d.j. kennedy,0.6487468087088484
taurean green,0.6476056899864844
erick barkley,0.6472031868488418
c.j. wilcox,0.6471503782599487
devin cannady,0.6436119133906276
branden dawson,0.6376599427180378
markus howard,0.6355505676564753
keith benson,0.6347691664474483
roko ukic,0.6344242792031771
tahjere mccall,0.6332141635124358
isaiah taylor,0.6321148746367518
damjan rudez,0.6298173788599561
steve goodrich,0.6288234120699752
marcus georges-hunt,0.6271557915866421
norm richardson,0.6264631681655788
mustafa shakur,0.6259122555798083
zabian dowdell,0.625746993058825
charles jenkins,0.6252374439262376
keon johnson,0.622900944298188
blake ahearn,0.6216589657072474
shamorie ponds,0.6210491246834934
nolan smith,0.6196074885524574
marcus paige,0.6172950868623777
jahmi'us ramsey,0.6165136909597688
grant riller,0.6147009638509868
arvydas macijauskas,0.614190495948056
jeremy pargo,0.6141412727814654
duane washington jr.,0.6126276554562586
semaj christon,0.6123524170376299
tyrell terry,0.6102715357550313
mateen cleaves,0.6090859160355044
omar cook,0.6088089131454619
tariq owens,0.6079050757601959
zhou qi,0.6076746092814375
cedric bozeman,0.6069864024267807
yaroslav korolev,0.6048491118473381
zhaire smith,0.6035774665450586
a.j. bramlett,0.6031660169168944
chris herren,0.6017248752556452
jared cunningham,0.6012369325907087
walter sharpe,0.5999962267264465
jabari brown,0.5980732603768398
antonius cleveland,0.5976689286726456
angel delgado,0.5960970226746006
aaron harrison,0.5937907090667182
marquis teague,0.5921665716335414
isaac humphries,0.5905170278859351
alando tucker,0.5894361611288099
britton johnsen,0.5885780574197507
steven smith,0.5871179835092997
kirk haston,0.5867392720029354
trevon duval,0.5865094134112254
darius morris,0.5857867442936219
cedric jackson,0.5832844835515142
karim mane,0.5828576081685173
grant jerrett,0.5817977950580244
brandon sampson,0.5813311878072208
demarco johnson,0.581111966716328
adonis jordan,0.5774761106903701
georgios kalaitzakis,0.5747666498088491
dean oliver,0.5736207703377982
zylan cheatham,0.5715224341063818
joseph forte,0.5713571772638928
vince edwards,0.5698588524625752
adam harrington,0.5696749685690599
reece gaines,0.5681881254320865
lionel chalmers,0.5626500069529567
gerald brown,0.5619504439134472
george king,0.5610119491232056
sean colson,0.5609293728201133
josh gray,0.5607052504893858
william avery,0.5585114497412008
jalen lecque,0.5585109460884828
mike hall,0.5570700923785432
craig brackins,0.5565742249224426
alvin sims,0.5562706055345615
keith langford,0.554069466228315
xavier sneed,0.5520531144737136
kiwane lemorris garris,0.5515090257179297
josh hall,0.5511471163245153
andrew goudelock,0.5471524444479585
tibor pleiss,0.5441135494805176
terrance ferguson,0.5434328149885735
paul shirley,0.5427284953482538
pape sy,0.5416751285902242
walker russell,0.5388645070274926
will blalock,0.5381929067288176
justin harper,0.53674599506483
kris joseph,0.5331449315290115
deng adel,0.5329006936191146
keljin blevins,0.5316963504427188
noel felix,0.5295734050022232
erik murphy,0.5290647559331983
jacob evans,0.5289916155585622
dajuan wagner,0.526944880669703
maurice carter,0.5235384474471475
doron lamb,0.5224225363781303
rj nembhard jr.,0.5218599129809038
demetris nichols,0.5187436077811823
mark jones,0.5123995345628188
donald whiteside,0.511574391947198
antonio burks,0.511199520912643
vassilis spanoulis,0.5087287872637168
shane heal,0.5061534039495929
patrick christopher,0.504881574139846
kyle alexander,0.5035966831017799
sharrod ford,0.5024013222245108
justin wright-foreman,0.5016281507163617
bobby brown,0.5012776007403418
derrick zimmerman,0.4957921114723985
joe wieskamp,0.495021939521904
scott machado,0.4945865019901614
makhtar n'diaye,0.4944448053557408
shaq buchanan,0.4915273577171768
peter aluma,0.49027547328835536
rodney purvis,0.48338786561458347
kevin burleson,0.4743181972172771
justin dentmon,0.47323167959336576
javonte smart,0.468929964068363
ben moore,0.4684535105832201
shea seals,0.46786024660195447
adam mokoka,0.4632343992052671
keifer sykes,0.4617564517278378
devon hall,0.46080793759201055
kobi simmons,0.46053064039784636
stanton kidd,0.45407023455800505
fab melo,0.45235277396288986
sherron collins,0.45142093718090787
gal mekel,0.4440599221426204
darius johnson-odom,0.44186962790589424
will cherry,0.42932900464556867
brandon armstrong,0.4266431599482588
kevin pangos,0.426237069908007
lance allred,0.42085273019193736
dusty hannahs,0.41995567624650404
vander blue,0.41806661970848963
maurice ager,0.41791575496201955
shane edwards,0.4116251656319737
maurice baker,0.4113551791608194
patrick ewing,0.407087744113051
nemanja nedovic,0.4038692154248828
josh reaves,0.40148060945285347
justin robinson,0.3988468285333775
tony mitchell,0.39710511478489396
m.j. walker,0.39661967365383916
zoran dragic,0.39647746498914854
rodrick rhodes,0.3964735577149498
elias harris,0.39400513496268474
moses wright,0.38844597051957996
dontae' jones,0.384286167325663
cezary trybanski,0.3764696313569779
thomas gardner,0.37622284824110264
patricio garino,0.37161404913477436
erik mccree,0.36914228913210595
ben bentil,0.36839982338014193
billy garrett,0.3674752146520595
chris owens,0.3655887125417137
matt williams,0.36330321276853095
sharife cooper,0.3589425040868411
jerel mcneal,0.35859740545088475
geno carlisle,0.3580484464543596
tyshawn taylor,0.3570888466132688
myles powell,0.35459938318295864
cat barber,0.35301876130345583
randy holcomb,0.3393287862266735
mychel thompson,0.33833363789423804
andre dawkins,0.3245021318913041
taylor griffin,0.3209895246510158
william howard,0.32019855966799665
mike tobey,0.3146463771821506
guillermo diaz,0.31433119115928004
josh selby,0.3128559259529124
luis flores,0.30247243952919206
luis montero,0.29619487165084535
carlik jones,0.29317930464200564
god shammgod,0.2900906282951494
will conroy,0.28970245233522646
john celestand,0.28399328985246114
xavier silas,0.28383709517898115
andreas glyniadakis,0.2752584826374666
jordan schakel,0.250007591655
tyler davis,0.24824281525456457
aaron jackson,0.23363357298787357
larry drew ii,0.23208062359064793
renaldo major,0.21101530328514104
jared harper,0.19957211723424373
ahmad caver,0.19911563403861007
tyson wheeler,0.19658904220832887
jordan sibert,0.19515318878219215
scottie lewis,0.18914232335116427
wayne turner,0.18425289564125932
dairis bertans,0.17932890056703052
kevin murphy,0.17071149167832328
roger powell,0.16442677971156053
jordan goodwin,0.15905978639853172
kirk penney,0.15333625236691206
alex kirk,0.1526392582254871
michael gbinije,0.15111741735192344
jaysean paige,0.14428288286754648
miles simon,0.14365391184451867
ibo kutluay,0.13975522590577455
jared terrell,0.1374124667719178
maalik wayns,0.13724084618354176
xavier rathan-mayes,0.10037445150294544
terrance roberson,0.08058866871385384
troy bell,0.07063777162731197
aaron henry,0.069637863524755
michael mcdonald,0.06656432235535001
andy rautins,0.05723293844019736
garth joseph,0.007424180642205557
keith appling,-0.0031785348891134337
antonio anderson,-0.003993419192415764
scotty hopson,-0.043575792206851524
fred vinson,-0.11003221851345166
mckinley wright iv,-0.12993041144284603
gani lawal,-0.16800137487763708
joe chealey,-0.17472539034922077
jason miskiri,-0.18549056958679302
tyler hall,-0.18629792041297727
sun yue,-0.1871791007385153
jonathan kerner,-0.18920040500791538
ryan robertson,-0.19040472986892726
dejon jarreau,-0.19778012873304252
will magnay,-0.20009701284878753
slavko vranes,-0.20047263215920968
royce white,-0.20081348322247483
jacob pullen,-0.20125921181164713
ade murkey,-0.20220065802144735
matt walsh,-0.203704370774828
chris mccray,-0.2044693129446209
jaquori mclaughlin,-0.2047614018129688
mac mcclung,-0.20594340164140856
david johnson,-0.20667537240436126
greg whittington,-0.2068472186238635
brandin knight,-0.20698992815637296
chris wright,-0.2079935858914301
ashton hagans,-0.20830465909775142
jaime echenique,-0.20899884931348667
mark baker,-0.20935728946023965
chris smith,-0.209643757034629
andy panko,-0.21280709278519228
deng gai,-0.2130476250012605
arnoldas kulboka,-0.2130905664881547
alex scales,
